{
  "rankScores": {
    "1": 3058.097000000094,
    "2": 3461.9590000000444,
    "3": 3676.7009999997817,
    "4": 3219.0000000001996,
    "5": 4779.574000003559,
    "6": 2354.3839999996567,
    "7": 2447.2609999992583,
    "8": 1868.6749999982342,
    "9": 1520.8459999989175,
    "10": 1172.9619999995691,
    "11": 2032.5759999988704,
    "12": 1194.1689999993057,
    "13": 819.3640000000983
  },
  "suitScores": {
    "1": 14032.8450000301,
    "2": 6607.130000004482,
    "3": 14587.377000029954,
    "4": -3621.7840000009487
  },
  "valueScores": {
    "1": 0.0,
    "2": 0.0,
    "3": 0.0,
    "4": 0.0,
    "5": 0.0,
    "6": 0.0,
    "7": 0.0,
    "8": 0.0,
    "9": 0.0,
    "10": 0.0
  }
}