{
  "rankScores": {
    "1": 3057.184000000094,
    "2": 3461.2970000000455,
    "3": 3676.000999999783,
    "4": 3218.8000000002003,
    "5": 4779.114000003538,
    "6": 2354.0099999996514,
    "7": 2447.2449999992577,
    "8": 1868.1379999982364,
    "9": 1520.8099999989174,
    "10": 1172.8719999995692,
    "11": 2032.153999998872,
    "12": 1194.414999999307,
    "13": 819.5600000000962
  },
  "suitScores": {
    "1": 14031.270000030034,
    "2": 6605.757000004455,
    "3": 14585.920000029906,
    "4": -3621.3470000009384
  },
  "valueScores": {
    "1": 0.0,
    "2": 0.0,
    "3": 0.0,
    "4": 0.0,
    "5": 0.0,
    "6": 0.0,
    "7": 0.0,
    "8": 0.0,
    "9": 0.0,
    "10": 0.0
  }
}